{
    "experiment_id": "3268477a-2218-422e-a138-03524aca52fb",
    "timestamp": "2025-06-12_09-03-20",
    "model_architecture": "VGG",
    "model_parameters": {
        "num_classes": 10,
        "in_channels": 3,
        "dropout_rate": 0.3,
        "batch_norm": true,
        "weight_init_fn": "kaiming",
        "num_conv_blocks": 2,
        "min_conv_layers_per_block": 1,
        "max_conv_layers_per_block": 1,
        "min_channels": 16,
        "max_channels": 32,
        "num_fc_layers": 1,
        "min_fc_neurons": 64,
        "max_fc_neurons": 128
    },
    "train_metrics": [
        {
            "epoch": 1,
            "train_loss": 2.3478387267112732,
            "train_acc": 18.58,
            "valid_loss": 1.8740211128234863,
            "valid_acc": 28.01
        },
        {
            "epoch": 2,
            "train_loss": 1.935237962627411,
            "train_acc": 25.085,
            "valid_loss": 1.7692665441513062,
            "valid_acc": 31.45
        }
    ],
    "test_metrics": {
        "loss": 1.7319542295455932,
        "top1_acc": 32.26,
        "top5_acc": 88.68,
        "precision_macro": 0.2982248091820903,
        "recall_macro": 0.3226,
        "f1_macro": 0.2727105774548416,
        "total_params": 197784.0,
        "avg_inference_time": 0.007270482401497448,
        "memory_used_mb": 2.2548675537109375,
        "gflops": 0.001916451
    },
    "classes": [
        "airplane",
        "automobile",
        "bird",
        "cat",
        "deer",
        "dog",
        "frog",
        "horse",
        "ship",
        "truck"
    ]
}