{
    "experiment_id": "ae15fb82-37ca-4eeb-847d-a1637d24db8e",
    "timestamp": "2025-06-05_15-09-49",
    "model": "DBN",
    "train_metrics": [
        {
            "epoch": 1,
            "train_loss": 2.0907202770233155,
            "train_acc": 20.1425,
            "valid_loss": 1.9856582664489746,
            "valid_acc": 24.19
        },
        {
            "epoch": 2,
            "train_loss": 1.9800305639266969,
            "train_acc": 25.19,
            "valid_loss": 1.9284215045928954,
            "valid_acc": 26.34
        },
        {
            "epoch": 3,
            "train_loss": 1.9354262960433959,
            "train_acc": 27.3875,
            "valid_loss": 1.8918983535766603,
            "valid_acc": 29.44
        }
    ],
    "test_metrics": {
        "loss": 1.9257423164367675,
        "top1_acc": 28.99,
        "top5_acc": 80.55,
        "precision_macro": 0.3152434518053112,
        "recall_macro": 0.2899,
        "f1_macro": 0.2763024110132624,
        "total_params": 2012629.0,
        "avg_inference_time": 0.00046439231580989375,
        "memory_used_mb": 56.7216796875,
        "gflops": 0.002010607
    },
    "classes": [
        "airplane",
        "automobile",
        "bird",
        "cat",
        "deer",
        "dog",
        "frog",
        "horse",
        "ship",
        "truck"
    ]
}