{
    "experiment_id": "e7218e69-e5ad-4844-b24a-c46a248b9b16",
    "timestamp": "2025-06-03_17-36-51",
    "model": "ResNet",
    "train_metrics": [
        {
            "epoch": 1,
            "train_loss": 1.5808899830818177,
            "train_acc": 42.5475,
            "valid_loss": 1.363039309310913,
            "valid_acc": 50.78
        },
        {
            "epoch": 2,
            "train_loss": 1.1227524496078491,
            "train_acc": 59.8425,
            "valid_loss": 1.0517699010849,
            "valid_acc": 63.17
        },
        {
            "epoch": 3,
            "train_loss": 0.9107948069095612,
            "train_acc": 67.9825,
            "valid_loss": 1.1232857721328735,
            "valid_acc": 64.1
        }
    ],
    "test_metrics": {
        "loss": 1.1236868772506714,
        "top1_acc": 65.98,
        "top5_acc": 95.22,
        "precision_macro": 0.6822909555257504,
        "recall_macro": 0.6597999999999999,
        "f1_macro": 0.6494697257097297,
        "total_params": 5768362.0,
        "avg_inference_time": 0.0029810780932189554,
        "memory_used_mb": 296.01953125,
        "gflops": 0.235363072
    },
    "classes": [
        "airplane",
        "automobile",
        "bird",
        "cat",
        "deer",
        "dog",
        "frog",
        "horse",
        "ship",
        "truck"
    ]
}