{
    "experiment_id": "6da57695-7cca-44eb-bb9f-da6096792700",
    "timestamp": "2025-06-03_17-39-16",
    "model": "MLP",
    "train_metrics": [
        {
            "epoch": 1,
            "train_loss": 1.926976985168457,
            "train_acc": 30.5425,
            "valid_loss": 1.7759887180328369,
            "valid_acc": 35.76
        },
        {
            "epoch": 2,
            "train_loss": 1.761414118385315,
            "train_acc": 36.27,
            "valid_loss": 1.7137080846786499,
            "valid_acc": 38.03
        },
        {
            "epoch": 3,
            "train_loss": 1.681161953163147,
            "train_acc": 39.475,
            "valid_loss": 1.6442868062973022,
            "valid_acc": 40.19
        }
    ],
    "test_metrics": {
        "loss": 1.789944436264038,
        "top1_acc": 36.34,
        "top5_acc": 85.84,
        "precision_macro": 0.37569570462812263,
        "recall_macro": 0.36339999999999995,
        "f1_macro": 0.34452632806894423,
        "total_params": 1457827.0,
        "avg_inference_time": 0.000463254892142715,
        "memory_used_mb": 44.8193359375,
        "gflops": 0.001456724
    },
    "classes": [
        "airplane",
        "automobile",
        "bird",
        "cat",
        "deer",
        "dog",
        "frog",
        "horse",
        "ship",
        "truck"
    ]
}